<?xml version="1.0" encoding="UTF-8"?>
<!DOCTYPE mapper PUBLIC "-//mybatis.org//DTD Mapper 3.0//EN" "http://mybatis.org/dtd/mybatis-3-mapper.dtd">
<mapper namespace="cn.tedu.ttms.product.dao.ProductTypeDao">
  
    <!--查询分类信息-->
    <select id="findObjects" 
       resultType="map">
      select c.*,p.name parentName
      from tms_classes c 
      left join tms_classes p
      on c.parentId=p.id
    </select>
    <!-- 判定分类下否还有子分类:
         策略:统计哪些分类的parentId为我们传入的id,
         假如统计结果为0,表示此id下没有子分类.
     -->
    <select id="hasChilds" 
      resultType="integer">
      select count(*)
      from tms_classes
      where parentId=#{id}
    </select>
    
    <!-- 根据id执行删除动作 -->
    <delete id="deleteObject" 
     parameterType="integer">
      delete from tms_classes
      where id=#{id}
    </delete>
   
    <insert id="insertObject" 
            parameterType="productType">
         insert into tms_classes
         (
          id,
          name,
          sort,
          parentId,
          note,
          createdTime,
          modifiedTime,
          createdUser,
          modifiedUser
         )values(
          #{id},
          #{name},
          #{sort},
          #{parentId},
          #{note},
          NOW(),
          NOW(),
          #{createdUser},
          #{modifiedUser}
         )
    </insert>
</mapper> 