<?xml version="1.0" encoding="UTF-8"?>
<beans xmlns="http://www.springframework.org/schema/beans"
	xmlns:xsi="http://www.w3.org/2001/XMLSchema-instance" xmlns:aop="http://www.springframework.org/schema/aop"
	xmlns:tx="http://www.springframework.org/schema/tx" xmlns:util="http://www.springframework.org/schema/util"
	xmlns:context="http://www.springframework.org/schema/context"
	xsi:schemaLocation="
       http://www.springframework.org/schema/beans http://www.springframework.org/schema/beans/spring-beans.xsd
       http://www.springframework.org/schema/tx http://www.springframework.org/schema/tx/spring-tx.xsd
       http://www.springframework.org/schema/aop http://www.springframework.org/schema/aop/spring-aop.xsd
       http://www.springframework.org/schema/util http://www.springframework.org/schema/util/spring-util.xsd
       http://www.springframework.org/schema/context http://www.springframework.org/schema/context/spring-context.xsd">
	
	<!-- shiro工厂bean配置 -->
     <bean id="shiroFilter" class="org.apache.shiro.spring.web.ShiroFilterFactoryBean">
         <!-- shiro的核心安全接口 -->
         <property name="securityManager" ref="securityManager"/>
          <!-- 要求登录时的连接 -->
        <property name="loginUrl" value="/toLogin.do"></property>
         <!-- 登录成功后要跳转的连接(此处已经在登录中处理了) -->
         <!-- <property name="successUrl" value="/index.jsp"></property> -->
         <!-- 访问未对其授权的资源时,要跳转的连接 
         <property name="unauthorizedUrl" value="/default.html"></property>-->
         <!-- shiro连接约束配置 -->
         <property name="filterChainDefinitions">
             <value>
                 <!-- 对静态资源设置允许匿名访问 -->
                 /images/** = anon
                 /js/** = anon
                 /css/** = anon
                 /static/** = anon
                 /bootstrap/** = anon
                 /jquery/** = anon
                 <!-- 可匿名访问路径，例如：验证码、登录连接、退出连接等 -->
                 /confirmUser.do = anon
                 <!-- 退出 -->
                 /logout.do = logout  <!-- 会调用Subject的logout方法,此方法会将session清空 -->
                 <!-- 剩余其他路径，必须认证通过才可以访问 -->
                 /** = authc
             </value>
         </property>
     </bean>
     
     <!-- 配置shiro安全管理器 -->
     <bean id="securityManager" class="org.apache.shiro.web.mgt.DefaultWebSecurityManager">
         <property name="realm" ref="userRealm"></property>
     </bean>
     
     <!-- 自定义Realm -->
    <bean id="userRealm" class="cn.tedu.ttms.common.realm.UserRealm">
    	<!-- 配置凭证算法匹配器 -->
    	<property name="credentialsMatcher">
    		<bean class="org.apache.shiro.authc.credential.HashedCredentialsMatcher">
    			<property name="hashAlgorithmName" value="MD5"/>
    			<!-- <property name="hashIterations" value="1024"/> -->
    		</bean>
    	</property>
    </bean>
	<!--Shiro生命周期处理器-->
	<bean id="lifecycleBeanPostProcessor" class="org.apache.shiro.spring.LifecycleBeanPostProcessor"/>
	
	<!--启用shiro注解权限检查-->
	<bean class="org.springframework.aop.framework.autoproxy.DefaultAdvisorAutoProxyCreator"
	    depends-on="lifecycleBeanPostProcessor"/>
	<bean  class="org.apache.shiro.spring.security.interceptor.AuthorizationAttributeSourceAdvisor">
	    <property name="securityManager" ref="securityManager"/>
	</bean>
	
</beans>