<?xml version="1.0" encoding="UTF-8"?>
<!DOCTYPE mapper PUBLIC "-//mybatis.org//DTD Mapper 3.0//EN" "http://mybatis.org/dtd/mybatis-3-mapper.dtd">
<mapper namespace="cn.tedu.ttms.product.dao.TeamDao">
   
   
    <!-- 通过sql标签定义一个sql,
                 其他地方需要的时候可以include-->
    <sql id="findObjectsWhere">
       <where>
          <if test="valid!=null">
              t.valid=#{valid}
          </if>
          <if test="projectId!=null">
              and t.projectId=#{projectId}
          </if>
       </where>
    </sql>
    <select id="findObjects" resultType="map">
       select t.*,p.id projectId,
       p.name projectName
       from tms_teams t join tms_projects p
       on t.projectId=p.id
       <include refid="findObjectsWhere"/>
       order by createdTime desc
       limit #{startIndex},#{pageSize}
    </select>
    <select id="getRowCount" 
     resultType="java.lang.Integer">
        select count(*)
        from tms_teams t join tms_projects p
        on t.projectId=p.id
        <include refid="findObjectsWhere"/>
    </select>
    
    <insert id="insertObject" 
     parameterType="cn.tedu.ttms.product.entity.Team">
     insert into tms_teams
     (
      name,
      projectId,
      valid,
      note,
      createdTime,
      modifiedTime,
      createdUser,
      modifiedUser
     )
     values
     (#{name},
      #{projectId},
      #{valid},
      #{note},
      NOW(),
      NOW(),
      #{createdUser},
      #{modifiedUser});
    </insert>
</mapper> 