<?xml version="1.0" encoding="UTF-8"?>
<!DOCTYPE mapper PUBLIC "-//mybatis.org//DTD Mapper 3.0//EN" "http://mybatis.org/dtd/mybatis-3-mapper.dtd">
<mapper namespace="cn.tedu.ttms.system.dao.RoleDao">
	<!-- 查询角色列表 -->
	<select id="findObjects" resultType="map">
		select
			id,
			name,
			note
		from
			sys_roles
		<where>
			<if test="entity!=null and entity.name!=null and entity.name!=''">
				name LIKE CONCAT('%',#{entity.name},'%')
			</if>
		</where>
		<if test="pageObject!=null and pageObject.pageSize != 0">
			LIMIT #{pageObject.startIndex},#{pageObject.pageSize}
		</if>
	</select>
	<!-- 查询总共有多少条数据 -->
	<select id="getRowCounts" resultType="java.lang.Integer">
		select count(*) from sys_roles
		<where>
			<if test="entity!=null and entity.name!=null and entity.name!=''">
				name LIKE CONCAT('%',#{entity.name},'%')
			</if>
		</where>
	</select>
	<!-- 保存   保存成功后将生成的主键返回给实体类对象的id属性
	useGeneratedKeys="true"：设置是否使用JDBC的getGenereatedKeys方法获取主键并赋值到keyProperty设置的领域模型属性 
	keyProperty="id"： 用于设置返回值将赋值到Role实体类对象的哪个属性中-->
	<insert id="save" parameterType="cn.tedu.ttms.system.entity.Role" useGeneratedKeys="true" keyProperty="entity.id">
		insert into
			sys_roles(name,note,createdTime,modifiedTime)
		values
			(#{entity.name}, #{entity.note}, NOW(), NOW())
	</insert>
	
	<!-- 根据id查询角色信息 -->
	<select id="findObjectById" resultType="map">
		select
			name,
			note
		from
			sys_roles
		where
			id = #{id}
	</select>
	<!-- 更新角色信息 -->
	<update id="updateObject" parameterType="cn.tedu.ttms.system.entity.Role">
		update
			sys_roles
		set
			name = #{entity.name},
			note = #{entity.note},
			modifiedTime = NOW()
		where
			id = #{entity.id}
	</update>
	
	<!-- 删除角色信息 -->
	<delete id="deletObject" parameterType="java.lang.Integer">
		delete from sys_roles where id = #{id}
	</delete>
	
	<!-- 获取所有角色信息，用于创建用户选择角色 -->
	<select id="findRoleList" resultType="map">
		select
			id,
			name
		from
		 	sys_roles
	</select>
</mapper>